Store,mae,rmse,mape,tae
1,252.67369079589844,319.5184120281647,0.06697424297590984,356.138427734375
2,379.5541687011719,572.7286934055252,0.0850157986312562,163.60986328125
3,602.7090454101562,918.4613832382938,0.09523156853215375,524.265380859375
4,656.7807006835938,903.8256883935088,0.0747424686397116,5484.91455078125
5,284.7634582519531,390.08172220702676,0.07316840855380186,7111.953857421875
6,326.5431823730469,473.0267070948532,0.08408196991541299,14463.4736328125
7,674.1594848632812,953.5043589307812,0.07867949990862365,2120.84375
8,424.1667785644531,635.7503195044419,0.07356014786675197,661.908447265625
9,572.087646484375,821.2299845353918,0.0917846176921461,11991.1689453125
10,470.6807861328125,658.2497863653281,0.08997236392558805,3429.1064453125
11,542.6891479492188,825.8615577080701,0.08059599829118672,8064.08642578125
12,568.8297729492188,849.4934887919977,0.08350294784783725,8011.42333984375
13,644.712158203125,1008.3903324110163,0.13757624379968367,2390.058837890625
14,314.8118591308594,513.092919216393,0.06360179646690785,2527.797119140625
15,565.713623046875,829.1691624753057,0.09120106585515297,3958.80078125
16,470.5206298828125,673.4521373119251,0.0673424247774064,2663.21240234375
17,491.1014099121094,742.076310092163,0.08835076375374427,5240.0556640625
18,443.3985900878906,634.4808655507272,0.0705692734660305,2872.943359375
19,527.9639282226562,681.7845838312861,0.09319962885079568,9962.873046875
20,639.5840454101562,859.7302265827345,0.0826772520186561,12093.56005859375
21,507.9477844238281,769.1657818702025,0.09918607255606235,6957.355712890625
22,505.9219055175781,781.0765007347231,0.1111208416180832,12756.9794921875
23,439.81256103515625,633.2247576887688,0.08720408620378743,3289.338134765625
24,944.0245971679688,1428.583389235644,0.10877815077436277,8094.80712890625
25,776.4226684570312,1171.116507867599,0.08041188145143276,3184.533203125
26,436.9411926269531,560.4430167287304,0.07623301481182489,1112.0498046875
27,942.2554321289062,1414.3346492255644,0.11311461635147363,10066.22265625
28,342.0696105957031,470.23474855650556,0.09438172162173859,9068.9775390625
29,743.041259765625,1009.2399058202168,0.11197112996820026,22601.49365234375
30,409.5119934082031,542.5359723096709,0.12353412487513031,15254.7861328125
31,323.6406555175781,458.335592797461,0.06473701486151087,61.34912109375
32,331.2361755371094,450.0944345356872,0.08567273283775904,1035.796875
33,609.489013671875,784.7826928519767,0.0846786723212383,2249.89111328125
34,451.3056945800781,661.4517414369699,0.060307530993878734,8766.3828125
35,1194.2135009765625,1647.2668272019564,0.12152074297348554,30727.86328125
36,684.6905517578125,911.7060929926924,0.07534040278993648,18124.19189453125
37,481.7369079589844,617.8841922237532,0.08501219940048625,6544.98876953125
38,499.33404541015625,666.4971633473019,0.09182275092061216,1032.072265625
39,536.5098266601562,784.2735093702961,0.14240220606236365,15005.9619140625
40,343.5408935546875,518.9160276480194,0.09343153078157333,2622.0830078125
41,649.6683349609375,842.5773332460351,0.13223382274648027,21443.7802734375
42,915.5191040039062,1356.2431566647626,0.09954126049260956,11445.67919921875
43,558.571044921875,782.7077998844779,0.10469945082936291,10798.48974609375
44,349.9992980957031,466.5225242418634,0.08152099721472097,8661.88623046875
45,359.847900390625,501.5380562579474,0.07534542778061112,4446.510986328125
46,565.7183227539062,834.2825885154263,0.1250307758317167,15121.110595703125
47,618.4039916992188,1043.8544558510062,0.09605897769455071,12501.1611328125
48,216.44943237304688,282.36946652391435,0.0744023990686826,2144.734619140625
49,482.1466064453125,610.060294151324,0.07317009098101371,10392.3173828125
50,348.5366516113281,468.2150948015239,0.09323259438584967,7510.50390625
51,620.5015869140625,827.8285601499866,0.09798292769842006,20954.3046875
52,518.6900024414062,741.9182064082266,0.09080702688155907,9582.373046875
53,368.42572021484375,486.7333073665701,0.08035694658091308,1687.99365234375
54,375.46136474609375,528.5809422406373,0.056344704378538855,4184.27294921875
55,371.7106018066406,490.2914311916944,0.09122889771366084,1194.50830078125
56,672.1175537109375,856.3674736933906,0.09910137530722118,12199.068359375
57,634.1279907226562,891.5778849881821,0.08203216257353342,9284.052734375
58,1256.1905517578125,1676.7296293678357,0.20976460128697505,50108.56884765625
59,439.7417907714844,599.8288037015228,0.09488937480839063,14298.976318359375
60,571.170654296875,756.5821171558313,0.07954359221799594,6897.6376953125
61,551.606689453125,797.0064695471424,0.10916628984515737,10526.372802734375
62,389.1673278808594,524.0476779358917,0.0706343880428901,1848.196044921875
63,490.53009033203125,702.4302678914114,0.0764484920094988,2644.98876953125
64,699.3369750976562,1008.8556326353141,0.07070517295691568,5788.7890625
65,385.7518005371094,554.0132275045426,0.08817944622222725,8981.077880859375
66,449.074951171875,614.1812639604044,0.07912080918740702,4708.8681640625
67,487.1103820800781,612.6287874806407,0.07014654223313033,1316.7353515625
68,658.47900390625,934.6638098803227,0.09279322876796799,3156.18701171875
69,551.8133544921875,828.6332496949419,0.06731219255544545,6730.1162109375
70,442.970703125,579.7659549335405,0.07617940282585058,5091.2421875
71,546.4696044921875,749.0661269207145,0.0734523223157153,8943.85888671875
72,621.4508056640625,829.2206054482727,0.15192545053480636,19305.67431640625
73,272.7283020019531,413.088973466976,0.06472217838871858,4986.72705078125
74,443.8402099609375,598.505090830479,0.08878421144883109,3915.96923828125
75,388.4451599121094,527.189363511822,0.07091945940737457,2747.84814453125
76,690.5741577148438,1175.4700123780274,0.08925089618778806,5020.724609375
77,599.7841186523438,837.0823585526098,0.09009538787032925,6246.314453125
78,276.0547180175781,388.1253623186715,0.08573006422644364,2751.65576171875
79,337.78570556640625,447.8507877909784,0.07021398215707238,1292.54931640625
80,572.529541015625,729.6809234179005,0.0876725204621595,14467.4375
81,494.58404541015625,739.9744083412614,0.07331479944710394,219.65625
82,705.0598754882812,949.8042232481387,0.0852449787414221,14.73974609375
83,283.3903503417969,360.3409409850621,0.09430962636814672,3396.724609375
84,726.6624755859375,1093.6245356611198,0.06096461618738607,5283.79296875
85,530.81884765625,815.906627623529,0.07927878979924428,9121.1142578125
86,408.698486328125,622.7078217350413,0.11135316060665058,10722.677490234375
87,344.7573547363281,504.44144543742635,0.06843115266877585,311.138671875
88,431.5044860839844,609.8003259264461,0.07860707180340054,1692.440673828125
89,377.6953430175781,507.0685203944335,0.06761976649312029,9208.25
90,712.1456298828125,1028.1421351155686,0.09912055200109875,1902.419921875
91,387.9933776855469,544.9210378577799,0.09397581393885461,2263.973876953125
92,502.14007568359375,714.2461279209009,0.09721872157682528,12480.390625
93,381.0245361328125,554.7752641836151,0.07216311834749548,3433.559814453125
94,430.6999816894531,584.8723952709685,0.07295937432840911,9033.03173828125
95,371.887939453125,519.0985575976878,0.05997112840575792,9729.14013671875
96,434.0191345214844,657.9637860475301,0.09949538995856606,4261.1522216796875
97,405.95526123046875,560.1620580242828,0.0667265282480742,2163.287109375
98,421.0259094238281,680.1603671194022,0.08423378912977045,4690.6337890625
99,477.253662109375,633.0510692274361,0.09867954558385651,3249.841796875
100,689.9306030273438,994.5810361654801,0.09802389934870948,14923.7333984375
101,522.39453125,751.4140835784222,0.08017680383754264,2136.9140625
102,780.09130859375,1225.7801087470787,0.1209148690535191,1141.1865234375
103,325.2057800292969,419.88631273834113,0.07986400157660446,988.286865234375
104,549.6202392578125,709.6370771387301,0.059015912753655315,6777.87109375
105,417.8310546875,578.8924500716864,0.08898684456238874,9841.05322265625
106,554.452392578125,720.497332576603,0.07008371294857875,10040.77978515625
107,480.662841796875,608.371751070018,0.07210649466954766,3440.486328125
108,944.7841186523438,1223.6583980016644,0.08776821977623547,6380.13671875
109,447.53216552734375,698.5377137277558,0.07397352515616659,4364.77587890625
110,306.13189697265625,425.1636082145319,0.07649856351198149,3354.672119140625
111,395.1071472167969,575.613395648503,0.0658801288760292,1395.15234375
112,500.4454650878906,700.2646151634394,0.0871609090412469,7171.64599609375
113,494.8140563964844,690.0553419835253,0.09665667537472294,1364.16259765625
114,292.9674377441406,399.36482772647867,0.0683291398763362,421.472900390625
115,575.9734497070312,790.1390304876732,0.08502596201728457,7221.7587890625
116,323.3206787109375,443.9188059206323,0.05292127978868074,742.353515625
117,288.8595886230469,369.39327365965937,0.09233283545939881,4043.5703125
118,599.3318481445312,845.0684513694733,0.08415737896516977,1873.287109375
119,288.3760070800781,441.64249540776757,0.054156408438806904,5527.3642578125
120,553.84521484375,908.573469786566,0.08787444145342775,1068.50341796875
121,289.3087158203125,376.3837386896517,0.0807125844724878,5421.1591796875
122,593.9147338867188,813.748348692641,0.07358019383257934,8579.233154296875
123,704.4514770507812,1187.8697319150783,0.0921203646022631,11218.424072265625
124,438.3763732910156,622.8940519863711,0.11096233490457288,11122.209716796875
125,1058.375,1647.0670144229105,0.10699888442696809,6945.3046875
126,661.318603515625,924.9625330249869,0.13923183707822698,19356.08935546875
127,596.3681030273438,967.1820213899761,0.11825037757008337,4736.22802734375
128,573.7374267578125,827.4986782466785,0.08137059647565477,4431.9091796875
129,744.5286254882812,1017.3694326546282,0.09996061738850874,21743.189453125
130,393.2615051269531,561.475177545722,0.0852581361948109,1671.8857421875
131,458.337158203125,602.8978976576382,0.10164075187089416,10210.846923828125
132,601.9984130859375,813.2895778872369,0.09119087867210364,19260.64208984375
133,408.605712890625,571.7517490135033,0.08631323631571466,5029.741455078125
134,246.12185668945312,329.061948005235,0.06390188322085126,6320.756591796875
135,535.3593139648438,699.1332356925967,0.09734410674871405,6893.015625
136,456.64056396484375,628.82101984587,0.09120647379914713,1351.758544921875
137,857.9602661132812,1201.9950603059897,0.13423142837250485,29164.08447265625
138,467.0054016113281,603.6834073005485,0.07566133401113796,3982.675537109375
139,678.6798095703125,971.0905274483939,0.1277961409437632,11062.90576171875
140,493.5615539550781,694.8101584245873,0.073143125969553,1089.2685546875
141,368.79217529296875,513.9906978730257,0.07261718544120958,4796.12109375
142,266.1477966308594,336.9268744846573,0.07326718146777915,6465.595703125
143,430.9742736816406,561.7056057224282,0.0817346697332061,1319.798828125
144,467.36639404296875,649.3361032624014,0.0720624313451919,6314.4931640625
145,499.287841796875,707.733949835671,0.06886127031383737,16783.1533203125
146,618.488525390625,998.5751411386126,0.0856550517092272,16283.142578125
147,500.5578308105469,682.4939560171944,0.06934798863520428,1944.884765625
148,490.23101806640625,661.3609783998448,0.060718022502507886,4547.0341796875
149,606.45556640625,840.8099889392371,0.1275086066289379,3937.451171875
150,527.9617919921875,700.2003061624581,0.06905325022630093,5750.77001953125
151,489.33734130859375,645.5735095633959,0.07990963310836333,4414.0986328125
152,329.6199645996094,455.8465853497205,0.06733803296065845,4470.102783203125
153,539.595703125,831.008348333517,0.10962317028535772,23712.995849609375
154,531.1594848632812,699.6990201150778,0.0696315678446037,10102.63623046875
155,1045.6986083984375,1435.5360497040817,0.19060841415131333,43941.45068359375
156,460.0869445800781,620.1493519709587,0.0807077790615038,9268.22509765625
157,596.8777465820312,849.338566179589,0.0684787850677399,4699.78369140625
158,515.984619140625,728.3782928533772,0.07388558358990327,2927.76220703125
159,435.336669921875,563.9556997229481,0.06572820611232878,110.74853515625
160,366.1253356933594,487.3788471251086,0.07327508184202514,5685.9833984375
161,572.7157592773438,728.7215260303486,0.09160865961239278,10259.7041015625
162,570.0518188476562,864.1922529159816,0.08276354632056108,462.9560546875
163,395.1063232421875,513.5939239808041,0.0689748881782334,11643.5693359375
164,950.5288696289062,1269.236286118546,0.16563157881147034,35450.8994140625
165,279.1965026855469,369.6683057147312,0.08083405470011663,1904.697509765625
166,423.6567687988281,577.8399432368794,0.08775875445041482,1323.4951171875
167,604.9935913085938,883.5977945309733,0.06966921087792574,6117.5283203125
168,435.84136962890625,633.0594363880851,0.06534818885490108,6629.15283203125
169,457.17010498046875,604.1121067318549,0.09415039879846687,9577.1982421875
170,433.5967102050781,583.5443695641318,0.13424169000375336,12109.0625
171,470.81524658203125,691.342850906842,0.0665678375184447,10625.91748046875
172,377.1902770996094,517.733823986805,0.06068477094034456,2149.5390625
173,558.038330078125,747.3751986117816,0.07968387000639318,2289.69580078125
174,489.2138366699219,650.1812968318914,0.09107496597382331,10421.74951171875
175,424.23419189453125,554.36371183547,0.07877776339432518,53.78173828125
176,382.178466796875,545.6901879729926,0.08855425343025658,3196.101318359375
177,346.1841125488281,480.90926249137686,0.11735574000877844,11848.415649414062
178,556.1959838867188,730.624304961175,0.06409803359278535,7411.169921875
179,668.7297973632812,947.9551347505851,0.10729644225366533,10305.8544921875
180,513.69091796875,697.1756862513207,0.079045777109586,269.60009765625
181,583.8652954101562,833.6049723939991,0.1072899857204344,19647.51953125
182,394.8868713378906,585.5536909626649,0.07947255756605143,1413.8486328125
183,1616.18505859375,2421.7864274126237,0.30877441268201195,38074.3046875
184,433.44586181640625,619.2970813753283,0.07599320481231646,3956.5888671875
185,484.9112548828125,661.0981867317441,0.09222249866959742,20666.32861328125
186,316.980224609375,437.6001492515742,0.08946242041981699,1186.4765625
187,451.4020080566406,594.3512219218532,0.08662516455674711,3727.04052734375
188,517.8412475585938,723.234553066984,0.10440418435391141,9088.2353515625
189,552.6419677734375,735.3080136922214,0.07986138932943979,3597.08447265625
190,516.5968627929688,702.1169774332479,0.07471490573516681,2464.11474609375
191,359.560546875,508.59781200374823,0.05891524448890242,412.7705078125
192,965.648681640625,1294.297154829601,0.08619422259461222,2392.8837890625
193,343.81463623046875,446.21452940261815,0.07822182248596339,461.948974609375
194,371.6449890136719,462.45886641408447,0.08406232930342247,1534.73388671875
195,693.21337890625,976.324773064783,0.07159632730734235,10953.9140625
196,417.1330871582031,612.0638753430886,0.0872511238304145,3299.707275390625
197,388.454345703125,590.9914075094493,0.06454851531803986,3059.22509765625
198,277.65777587890625,410.207512272752,0.12436901012995952,500.15509033203125
199,592.9507446289062,824.9861362471493,0.08304036609640672,7249.45361328125
200,776.4191284179688,1050.0944600368102,0.1191925338929117,16177.79638671875
201,369.949462890625,460.76676922820724,0.07894772251803181,3883.885986328125
202,357.7637023925781,474.92063481701865,0.0629555993995413,3904.32763671875
203,438.985595703125,595.751862145642,0.07495702091389403,6443.677734375
204,361.0239562988281,481.5640371487472,0.06912355400793727,803.8310546875
205,412.78594970703125,587.4440664863337,0.07319223351085286,4076.5703125
206,722.9341430664062,991.8456911233723,0.10829139307285317,15846.771484375
207,522.9620361328125,817.5803477334812,0.050861004546098064,9643.7802734375
208,296.4716491699219,400.71494700098225,0.10781493227259904,10477.868408203125
209,560.0809326171875,730.6115589011715,0.09438817960576534,2601.096435546875
210,224.3336639404297,296.100991006447,0.09113703276903355,4203.279541015625
211,1027.8876953125,1498.9012642599246,0.08041787403438623,36931.3271484375
212,373.9002380371094,490.00312499003513,0.09209595440756642,2675.05322265625
213,570.5475463867188,835.2822502004936,0.07602101194742678,3753.7041015625
214,613.8375244140625,837.5797723202251,0.0746072690011799,5330.5439453125
215,569.890380859375,774.6585538158085,0.1043535543942853,6437.7119140625
216,588.809326171875,844.6514073865028,0.10004898761157995,18113.58642578125
217,365.61334228515625,524.5958563503909,0.08096106254061017,1535.48974609375
218,270.7270202636719,352.87647227818974,0.07182185052172302,2190.970947265625
219,235.2180938720703,317.2002398919332,0.08940923843747275,838.56494140625
220,429.7692565917969,607.324563145605,0.10206446434466719,650.700439453125
221,315.1579895019531,421.74944427942046,0.0609212969764966,5553.65380859375
222,380.7230224609375,568.6487547247422,0.0791059119701818,1612.987548828125
223,589.468017578125,974.654425937727,0.08500828744323627,2104.373046875
224,557.0401000976562,738.7000829159288,0.08170112523090221,4320.83251953125
225,444.5954284667969,595.2481362843566,0.09613651924569944,5093.81787109375
226,431.5596008300781,572.6380019261733,0.07897634711357178,2498.888671875
227,420.72271728515625,543.9357154112975,0.07879357014111187,3008.2783203125
228,672.3621215820312,864.8042408545416,0.09838156719281457,16153.826171875
229,687.592041015625,956.7851117152691,0.08640296115487878,8625.63330078125
230,620.66357421875,865.755125598457,0.08884784906867424,9583.1064453125
231,445.0472717285156,571.2850372187249,0.10746832825017935,3075.897216796875
232,327.3618469238281,447.9574303156495,0.10632501192793857,4146.879638671875
233,677.5066528320312,879.8363839373773,0.07935089226685126,3330.4931640625
234,778.3433227539062,1079.1705147936539,0.08636664545134393,12945.62451171875
235,410.8778076171875,550.4666770114245,0.08239625377519198,7643.624267578125
236,528.2067260742188,721.2095309270393,0.08312609273845198,913.85888671875
237,300.2955322265625,377.6682778907967,0.07337728442827106,2766.117431640625
238,578.0401000976562,864.6129914591846,0.09110596398907166,9314.79150390625
239,431.5849609375,579.4745734283774,0.098739145238929,6915.1845703125
240,369.2806091308594,487.7317077554011,0.09073773788724264,4904.14892578125
241,457.6687316894531,616.9122962382903,0.07663514724085325,6997.580078125
242,338.7375183105469,457.0421889716528,0.09825325390021764,2364.74853515625
243,601.8544921875,875.1651272759901,0.09980091929135884,7753.4423828125
244,526.1148681640625,782.926361479801,0.12106795078463568,11256.56982421875
245,417.5190124511719,562.4791385020426,0.04949033260755516,209.03564453125
246,458.8672180175781,689.5677314448524,0.06910927627571715,7773.21826171875
247,546.648681640625,715.2379193317423,0.08127177578787108,5554.4287109375
248,601.3577270507812,963.3495925675164,0.0826836051550721,5653.69384765625
249,396.512939453125,510.3803269376671,0.08636611245359194,2043.015625
250,621.296875,850.7902943734138,0.08297736536011512,7521.8603515625
251,1171.39404296875,1638.0793631567428,0.07013261948385613,14076.0087890625
252,668.3483276367188,885.528338055875,0.07719045956330356,5175.47119140625
253,445.9924621582031,648.5493186720652,0.09014353635439969,8736.125244140625
254,303.8801574707031,383.1735287373072,0.11618892245755935,4732.011474609375
255,391.073486328125,534.7426659151109,0.06981430726901747,7655.396484375
256,763.7781982421875,1033.2912827465448,0.10689230839075535,8552.96728515625
257,419.1821594238281,584.4822227835506,0.09866495051183337,4052.9912109375
258,613.6724243164062,760.8021671236222,0.1187873915290443,20557.69775390625
259,908.7354125976562,1242.8953093482974,0.07276553174810158,29146.3896484375
260,286.3113708496094,397.5316221698596,0.05225588299790965,4705.94921875
261,804.01708984375,1140.1154546799196,0.07939147349926834,13835.23388671875
262,1165.2310791015625,1441.2070461942656,0.05680785662821159,6724.6171875
263,310.67852783203125,398.72664508407263,0.07928679114753563,2756.335693359375
264,549.979248046875,707.1950535389794,0.09862118097596238,4613.9150390625
265,457.38824462890625,753.3763999489232,0.0925681486826064,8381.7734375
266,260.5793762207031,383.58583622182925,0.07511110366109297,2615.416259765625
267,892.33349609375,1178.9307125526927,0.11347259243156764,14945.9921875
268,535.5087280273438,978.6385951923212,0.11273323134375335,1934.556396484375
269,1162.318115234375,1551.2545729183203,0.16756715352695262,23589.8935546875
270,621.3761596679688,846.4395651787551,0.07023367241286664,232.9384765625
271,537.85888671875,749.7661718829411,0.09647765215169234,17298.1455078125
272,435.6242980957031,669.083888611884,0.07586776448378646,3089.2607421875
273,522.6103515625,694.6373154387835,0.08185065599591915,10964.4765625
274,925.9168701171875,1215.654196307486,0.16617678324640825,12272.658935546875
275,511.77691650390625,728.1401822451498,0.08322360439764208,4178.21142578125
276,332.7252197265625,439.4447846430766,0.10732925140365225,11250.085571289062
277,461.9507141113281,647.1709105792688,0.08066250625234142,484.25830078125
278,581.847412109375,736.1988522131775,0.0935448500681468,2747.96435546875
279,2221.681396484375,2913.440577736227,0.2831314398876864,94493.083984375
280,321.5154724121094,443.0121859215613,0.05788840024324637,4143.89697265625
281,443.23419189453125,617.0940973627928,0.08234472405785793,4803.30126953125
282,328.5447692871094,411.8328127104493,0.08227549982145989,1693.05810546875
283,737.8880004882812,1105.6578358606246,0.10524675099081574,6424.4013671875
284,398.56890869140625,517.9539977160134,0.08544441875657181,5409.435546875
285,383.7256164550781,518.8024973436424,0.08308141096664795,7712.0390625
286,442.9215087890625,565.1930809466796,0.14437605275514864,20738.196166992188
287,595.2908325195312,762.6656787216795,0.07957668576126661,4827.78857421875
288,566.5125732421875,728.9229640366669,0.12356267263613897,12035.77880859375
289,478.3583679199219,614.018093178043,0.0953889436517292,14959.28466796875
290,459.61480712890625,630.5679979193362,0.0771303513744705,8017.0361328125
291,443.1114807128906,604.561514653389,0.06812245395463258,1211.6328125
292,1405.2218017578125,3821.8381703049645,0.40292035033786966,25680.678466796875
293,300.8984069824219,420.19967351843576,0.06016693048267766,1701.34130859375
294,444.068359375,570.1066512065966,0.08253532881220237,4750.341552734375
295,435.34075927734375,651.294120386481,0.07599242964556951,8846.7822265625
296,483.2984924316406,618.5098018625089,0.08281819502880683,3981.0078125
297,376.388427734375,535.340866878291,0.05945115968982199,7672.10400390625
298,532.4872436523438,739.3465865208278,0.07415362461081663,7539.99658203125
299,825.6826782226562,1050.4406813333155,0.11524423561490554,4453.490966796875
300,739.5488891601562,1001.4550039817066,0.11217595387425833,15735.52880859375
301,297.5042419433594,396.2304608747288,0.06636664472741986,3301.7314453125
302,329.6303405761719,436.0696797817982,0.10162123030341481,120.410400390625
303,441.16705322265625,659.5823489148265,0.08036818327372232,2240.802734375
304,530.9893798828125,817.5571080970429,0.08813071343807478,6757.044921875
305,446.59173583984375,619.6277612405694,0.08449169227916091,7143.93994140625
306,345.8031005859375,492.0510803006127,0.0817941330705627,751.26123046875
307,216.96665954589844,292.63342309534636,0.10119281657535055,1570.56396484375
308,721.9581909179688,1064.90991403029,0.09327170297266672,1833.00244140625
309,420.80426025390625,549.432747249379,0.07344719410549931,7892.091796875
310,610.018798828125,837.5640274032786,0.07688270605110516,6682.843505859375
311,427.9577331542969,561.5959401562658,0.07008312259103243,2401.34423828125
312,366.2483825683594,470.58675143378184,0.0751831433626574,4634.95458984375
313,500.2989807128906,716.0029460484084,0.08101769278767751,2650.4853515625
314,345.1357116699219,450.44800615609347,0.08229191223410347,5943.095458984375
315,287.9598083496094,370.0194673932711,0.08025908404738277,1690.76513671875
316,575.33349609375,824.3248752767321,0.06320685097102567,11501.62548828125
317,432.3862609863281,573.4054248522593,0.08728941208030151,1849.136474609375
318,464.6928405761719,657.7257217108055,0.07019845104692783,2572.38818359375
319,506.1568603515625,736.7642092284342,0.07464808211101252,1621.0234375
320,1035.9268798828125,1454.961597431355,0.07591851192296868,21347.484375
321,433.63653564453125,561.2515033387439,0.08321143556088004,3517.2841796875
322,375.30120849609375,539.1230147192754,0.0845949601593534,3090.11572265625
323,447.21832275390625,624.7046051935266,0.06978573004534365,7651.802734375
324,533.2213134765625,761.4148015372435,0.12425027963488824,10657.220581054688
325,478.10357666015625,653.1290550113354,0.09740526434465287,12649.542724609375
326,431.5219421386719,574.9449158397698,0.09090694082783503,497.19140625
327,550.802978515625,761.2736860026097,0.08386277516585224,2372.7705078125
328,269.1238098144531,361.0940299111853,0.07242435931624748,2602.200927734375
329,467.3902282714844,649.4575140068825,0.07796768789499663,2963.92431640625
330,381.5565185546875,477.8099125175199,0.1184742587326115,9282.782470703125
331,405.31646728515625,565.6467813485727,0.08088882997562495,788.99853515625
332,229.82664489746094,312.74945043916546,0.07201637542636452,4106.816650390625
333,722.9539794921875,948.9856426732704,0.08364999260829224,4122.251953125
334,430.9136962890625,547.3532908460495,0.0967692690932674,12580.85400390625
335,1349.5869140625,1943.534923792212,0.09282083712704713,18584.23681640625
336,768.2720336914062,1018.4880951685199,0.06780820106160135,3682.8173828125
337,341.8050842285156,476.3225666499541,0.07282628845524963,1095.927001953125
338,525.3651123046875,733.5020449869244,0.09332056601105822,4041.7265625
339,400.1095275878906,525.6249851367418,0.09154266090016275,177.542236328125
340,423.7706604003906,595.213800873266,0.07011210876128508,3473.85888671875
341,424.8091735839844,639.727432192805,0.08163714661694169,2842.08837890625
342,663.881591796875,852.9096889471945,0.06737954855613076,11685.380859375
343,722.8278198242188,1053.433315402546,0.11105550758185137,12927.8408203125
344,749.8872680664062,1065.6796540236658,0.08622294527623725,4422.5205078125
345,321.6981201171875,431.00699675295294,0.08930524377761101,7126.63232421875
346,425.4417419433594,572.6414672375727,0.06540810251550676,7824.4306640625
347,454.3558349609375,633.5375630142225,0.10058968769209534,5208.34326171875
348,652.9324340820312,870.6255294327177,0.07973744943620671,10571.86669921875
349,527.5272216796875,681.863485237331,0.07100833616551266,4783.505859375
350,414.9213562011719,589.169542661533,0.0715359554356094,726.99609375
351,410.2284851074219,539.3530557529085,0.08075714891116775,8785.6279296875
352,376.3357238769531,483.6158567241153,0.06456335318810828,1238.8740234375
353,558.441650390625,657.2748663991345,0.08350211993995355,5474.46875
354,607.4735107421875,812.4994230767182,0.08563342437813493,9582.98095703125
355,614.2015380859375,799.0652351341535,0.0745445124859799,630.8447265625
356,491.7459716796875,674.4219747309543,0.08671281817179698,3475.46044921875
357,530.4971923828125,738.8077811582658,0.0763023841976327,9412.3232421875
358,629.0596313476562,864.3286050455579,0.07062443220190376,9432.18408203125
359,444.6545104980469,547.036047715322,0.07809970673466832,667.9990234375
360,509.26556396484375,660.1425982316244,0.0824927364060864,7072.04833984375
361,350.2205505371094,510.78768828154034,0.0689478509452528,3584.8095703125
362,596.1752319335938,743.3315629650069,0.0719929648150671,10644.06689453125
363,527.1991577148438,767.8648969708148,0.08005225433222558,2827.4453125
364,372.2190246582031,470.80348541084527,0.07885925100800167,7654.1396484375
365,449.2064514160156,592.5544278798362,0.09302949694289508,2204.899658203125
366,425.34625244140625,541.6346785426501,0.08330543205732911,1767.134033203125
367,466.052978515625,620.877629851487,0.09867436701515818,8796.473388671875
368,915.635986328125,1309.256086485757,0.1066907169906131,15281.94873046875
369,437.319091796875,531.4252652066892,0.07717879625853671,2901.7041015625
370,649.1333618164062,982.0754808058289,0.08753686130545661,4192.310546875
371,420.3403625488281,567.8923478530064,0.07459713821811104,2139.048828125
372,710.688232421875,1048.2227816642796,0.09208527189323017,9876.951171875
373,301.4798278808594,445.46110239840243,0.0756930512738773,1536.6796875
374,459.5066833496094,613.7441191164279,0.0701506682433876,1275.7626953125
375,648.8359375,947.9772215090403,0.08236141512764694,408.3310546875
376,561.6838989257812,792.4719237928874,0.07888569754939548,873.9775390625
377,693.0726318359375,1148.0621172218862,0.0874228576484278,5454.97119140625
378,529.1610717773438,781.0145245128288,0.08866351541868904,4009.224609375
379,338.18499755859375,473.47409512031385,0.09127491396572651,341.69921875
380,1072.5784912109375,1461.964260849081,0.08783507294265003,6274.505859375
381,387.94140625,519.5829457362895,0.0506306341014009,4230.4326171875
382,486.7615661621094,643.4327616386968,0.0725736917533245,4705.83984375
383,933.0147705078125,1237.4760603745028,0.06424908246142631,4608.9921875
384,801.0996704101562,1200.0181248631206,0.09349612630993953,5994.56591796875
385,503.9695129394531,686.0212278056707,0.08693400704677386,15312.2900390625
386,545.141357421875,784.2340610430026,0.08558855119225083,2801.99267578125
387,622.866943359375,960.6938898525378,0.07692079605120848,10226.13134765625
388,593.0819702148438,798.7094668901827,0.06868346968371138,14004.701171875
389,599.3341064453125,787.1437686344217,0.06211619511284618,1275.080078125
390,674.7134399414062,1007.0737311637117,0.06347862290649157,10211.3115234375
391,529.5518798828125,733.9016453176815,0.11808863479941943,15904.045166015625
392,505.2398376464844,685.9143760339186,0.07900256959557177,9625.28271484375
393,456.5779724121094,631.1039930154142,0.0898509345606638,1320.66455078125
394,615.1664428710938,789.1860126104618,0.08098056572441774,7849.38427734375
395,292.55572509765625,385.70803401018236,0.08838145949499869,4195.96435546875
396,571.9328002929688,834.5985187501833,0.06153617165663747,3283.82861328125
397,445.69842529296875,609.9910347701841,0.08997276660658148,122.7958984375
398,458.3590087890625,763.5798910395689,0.08959551677324981,804.91748046875
399,618.4235229492188,875.9859801960303,0.11491797856607631,11558.10888671875
400,689.8863525390625,1024.3913436768196,0.08717568018650729,10055.224609375
401,484.9845275878906,668.5237234010473,0.07734532330631051,7527.167236328125
402,556.8173828125,724.0481467071095,0.11265860976374842,2429.77001953125
403,498.90740966796875,738.5075321213725,0.07406921848969195,1309.57763671875
404,289.1038818359375,377.44167595802134,0.06439465805618207,151.659423828125
405,331.8653869628906,474.29137932287995,0.08623836479168392,1328.421875
406,592.3339233398438,797.4035991892688,0.09578844154818214,7045.53369140625
407,325.7610778808594,448.3843914544751,0.08643121294295611,2477.681396484375
408,326.2155456542969,462.3556362530904,0.0730212520226017,341.466552734375
409,564.6143188476562,783.077263110097,0.1049688764274972,5521.3564453125
410,498.9365539550781,652.1648804175214,0.09297837222074805,10114.0
411,718.6453857421875,905.801095715831,0.09001202839625828,13206.67626953125
412,702.1912841796875,949.0251906561806,0.08310520401967539,9810.49658203125
413,482.82720947265625,736.4258279012219,0.07588885687175988,8247.125
414,454.36212158203125,608.6088902160401,0.07780907536279456,4665.24853515625
415,715.0026245117188,1031.079773829358,0.13789390023056616,18077.23193359375
416,570.1998291015625,752.0743812948291,0.059203149044683635,7858.8076171875
417,754.370361328125,1190.0676451361915,0.12393074927118725,21891.2822265625
418,356.26080322265625,481.73360441742074,0.08296596231188302,4975.4609375
419,484.8254699707031,695.9068723615251,0.10401931455270748,4793.050537109375
420,561.2486572265625,684.7819224030377,0.12473110814042582,20506.701416015625
421,944.240478515625,1264.2002412592715,0.11020932769082832,13412.6103515625
422,286.62847900390625,396.8677755247962,0.07585808657154934,2614.438232421875
423,924.68359375,1279.8795841796993,0.073763367541684,9742.408203125
424,758.166259765625,1157.8531318781324,0.1146473724098486,16747.24169921875
425,264.0797119140625,374.5066546471504,0.09902387197016803,8468.762329101562
426,342.3188781738281,491.69180197050264,0.08174552805991599,6264.371337890625
427,889.146240234375,1496.808521488303,0.11814746543236958,4157.1923828125
428,504.1203918457031,669.1230968588665,0.08567532681440702,4183.4404296875
429,423.3017272949219,574.7413276857685,0.09361899174136122,12871.091064453125
430,577.4628295898438,791.9767594443665,0.07733001307846207,593.49609375
431,580.7030029296875,840.5526084071122,0.07013255568605202,14648.95263671875
432,519.2880859375,694.4702117441756,0.05494153959302376,3178.1904296875
433,525.525146484375,734.5803649023026,0.1029027592739694,14387.206176757812
434,815.337890625,1069.878322520837,0.09503759813244816,15841.736328125
435,209.99002075195312,284.00856886280735,0.07746369133730621,1498.677001953125
436,368.1275939941406,511.935466514091,0.07482092400711059,3425.552490234375
437,852.9803466796875,1124.1004737122034,0.14221891022679,5429.1611328125
438,513.36376953125,739.9726768604365,0.10172145360261661,2029.8798828125
439,464.01373291015625,596.6803216547366,0.07587468618771592,6303.78125
440,425.3427429199219,557.7857731692338,0.09496349125318655,10633.895263671875
441,686.1187744140625,866.2588383387497,0.1204629335034217,16854.087890625
442,330.4341735839844,480.5826379250503,0.08684119116575531,1136.40234375
443,395.0315246582031,500.8470169373079,0.08998405457119119,2296.5751953125
444,877.982666015625,1072.4087956558358,0.09168060641788547,902.9150390625
445,665.6551513671875,921.8589574875324,0.08963713990461815,10863.6708984375
446,341.3739929199219,583.36387122447,0.08032787410137325,6474.13525390625
447,400.15057373046875,531.8156106678329,0.08238434616984092,319.119140625
448,552.7386474609375,710.3038302374555,0.08037122347608953,10452.9150390625
449,721.37060546875,1149.3512300424097,0.0766507954777787,3181.7373046875
450,589.1649780273438,781.2692797621061,0.0730772365393042,16033.8125
451,462.8044128417969,747.1826249318168,0.0933958227296983,4519.861328125
452,348.8569030761719,475.95300779068515,0.08303710093160808,636.808349609375
453,949.17578125,1175.537323950201,0.09845766761886791,6727.4423828125
454,384.66400146484375,542.0195164844159,0.07602514550328776,8848.750122070312
455,658.7183227539062,890.1659606500352,0.0959440786678398,195.02392578125
456,452.3463439941406,592.3933975830588,0.09160224241742503,4031.9833984375
457,697.2359619140625,938.926048738664,0.14625470186109923,25617.384765625
458,501.1070861816406,649.1030349644038,0.079634954569213,689.166015625
459,509.1788635253906,856.823968210507,0.06065037878601186,4226.62255859375
460,345.011962890625,475.94166528052574,0.10133344588990438,3561.13916015625
461,388.8797607421875,569.3155155535461,0.0960190662051575,6182.917724609375
462,332.8498840332031,460.81571696286574,0.08576686521164029,8722.292724609375
463,370.33203125,531.8306238832059,0.07066740700197771,6891.6494140625
464,539.4082641601562,722.3967270482335,0.058758529512533644,11393.6015625
465,465.3568420410156,595.0950816886324,0.06823117203548149,8373.3828125
466,527.5813598632812,713.2316199875045,0.08357911393847339,4822.43896484375
467,944.13623046875,1336.8648959412465,0.08071310515617197,419.626953125
468,528.4420776367188,731.0096613588634,0.09730659682316482,15305.395263671875
469,651.6937255859375,1019.7643110052439,0.06427106938724883,3654.212890625
470,921.5010986328125,1218.3556028516468,0.09228815258220205,15992.0576171875
471,502.2781982421875,676.5560767593474,0.08376602422996207,2671.26025390625
472,397.39080810546875,557.9099669749592,0.08163983482810273,7870.9287109375
473,210.46075439453125,321.5512206476598,0.07408572057041718,1780.3792724609375
474,543.3831787109375,706.8674071210244,0.08938785953932729,8647.37109375
475,468.4317932128906,659.4212424543207,0.08877804017511713,3824.1318359375
476,389.9299011230469,520.8156163653314,0.07491888851383008,1733.015380859375
477,490.86895751953125,740.2409658347747,0.08417528967383779,5166.92529296875
478,462.4591369628906,656.6709602228501,0.0778001153620577,5749.3955078125
479,666.8453979492188,961.1547091909814,0.07040815107487058,1726.33349609375
480,280.8333435058594,420.77673711839157,0.06367066359028149,2783.40966796875
481,476.26190185546875,611.3576081149232,0.0985127838708405,4988.90380859375
482,468.18707275390625,630.9164712939423,0.07359571607260289,414.55224609375
483,416.9031066894531,614.8466526297431,0.09680946105707623,4827.2137451171875
484,518.7192993164062,689.9974411184436,0.07665711477628298,3912.33935546875
485,507.8175048828125,679.6659565551302,0.10708667352102567,15149.15869140625
486,356.3255920410156,480.07336678886907,0.09383645829398225,3269.392333984375
487,477.8439636230469,712.7463609167008,0.07422895352912227,3203.626953125
488,280.0405578613281,383.62408357661803,0.08725055166782518,2373.443359375
489,419.9853820800781,759.9597028790408,0.05623469146310069,3889.6337890625
490,496.8206787109375,665.1358648802513,0.0713891083033974,16042.9736328125
491,496.9989929199219,668.072624233324,0.08104248512337556,2049.572265625
492,847.113525390625,1101.2745456969392,0.11822948141336098,32320.26123046875
493,711.6666870117188,1001.4067917185304,0.08850610956077913,10561.69677734375
494,437.8328857421875,570.1606133362774,0.05933983738893079,11414.7734375
495,369.656982421875,515.3979348522848,0.074569707656083,2530.750732421875
496,656.5004272460938,878.5884631043137,0.09915665123342736,17502.62255859375
497,538.2733764648438,693.9462785403492,0.0705160457711207,3874.24072265625
498,323.4371337890625,476.9220815552578,0.05135945053178187,3473.119140625
499,487.600341796875,643.6561824840961,0.10234453309938829,18961.1015625
500,591.2855834960938,793.6388898611257,0.10422433782656713,12370.1416015625
501,364.0559997558594,502.70193392804845,0.10101687429202146,2672.198974609375
502,850.9299926757812,1316.5849763687872,0.09257706685659721,13067.7001953125
503,622.2451782226562,839.549693288015,0.10009786845442299,3480.1611328125
504,565.9830322265625,874.9251753721571,0.08894173405034642,263.49560546875
505,532.5598754882812,683.6151146661402,0.12742405535330636,12716.99609375
506,584.9906005859375,755.5697767248238,0.09718919906715692,17669.5712890625
507,660.314453125,913.6695929054441,0.08760605641094502,9658.94482421875
508,655.3479614257812,969.6169668998166,0.10022176703269103,5211.5595703125
509,528.9614868164062,905.847979795727,0.09718550876828448,5272.01123046875
510,509.2771911621094,686.3589166755248,0.06826986142608517,1686.59912109375
511,325.214111328125,464.5894188689622,0.062498091575971804,11183.94482421875
512,581.7739868164062,761.7682554425592,0.09007830261003286,5126.89404296875
513,909.1260375976562,1260.8029187783475,0.061303968261549366,4739.744140625
514,738.7621459960938,966.0939071850106,0.14460350041583048,23040.01904296875
515,688.8538818359375,870.6652269960022,0.08926816090392682,11761.3564453125
516,533.7824096679688,748.3501018908196,0.1127171463866825,4508.18505859375
517,493.5185241699219,695.4026711194026,0.08942095691120953,18183.432861328125
518,1196.83935546875,1710.4712070070048,0.25220178036853635,51673.212890625
519,419.18841552734375,621.2992435211876,0.08532902861117081,1310.794677734375
520,277.851318359375,381.87477495901715,0.07792616109692158,3756.17041015625
521,352.8642883300781,492.2392393440409,0.08157516271789181,837.953857421875
522,1361.869384765625,1762.751896893037,0.1760929256607734,41039.9638671875
523,625.5010986328125,827.5693702040935,0.05256163226682346,2973.009765625
524,550.5286254882812,671.5278056417321,0.07541728641728167,8456.28466796875
525,584.3073120117188,746.2435510609121,0.07571499013396833,13386.720703125
526,638.1444091796875,869.9729521657556,0.0781054417335097,4415.400390625
527,855.5380249023438,1109.910750916487,0.09402615893803869,6304.392578125
528,801.28173828125,1145.6055167464933,0.08139864433345388,3035.72900390625
529,496.1239013671875,726.8003508529698,0.06549866062938571,5729.93359375
530,548.4403686523438,720.6545635739775,0.08416777557893766,456.881591796875
531,367.1615295410156,477.4083190781241,0.08358050817844388,1849.470703125
532,589.864013671875,797.2812787843447,0.06166552761914433,15654.1240234375
533,692.4574584960938,915.8619573931434,0.07282451191436115,7728.3828125
534,879.2859497070312,1402.4338665334633,0.15609631289201847,1876.55908203125
535,568.7435913085938,778.2573481824634,0.08283005280340998,7634.4609375
536,582.986083984375,891.790369145126,0.08005753141916512,5337.1455078125
537,536.3494873046875,776.3163015163343,0.0980369071190763,7498.751953125
538,266.7068176269531,357.7386878015851,0.07659613213130331,771.251953125
539,674.2709350585938,945.285935577167,0.06385774317941321,20735.3271484375
540,1096.3673095703125,1375.7586997726019,0.18138531866654178,45946.79931640625
541,571.9979248046875,793.4824746016764,0.09939381162859007,5794.3837890625
542,440.2424621582031,592.552502948051,0.08137770538739099,7462.78466796875
543,236.6048126220703,391.93691695858405,0.1005216233475149,881.7398681640625
544,863.3214721679688,1419.834365339845,0.07075132961940332,3094.0556640625
545,840.80078125,1093.4334113241648,0.09036347826650554,23539.03125
546,1004.0057983398438,1442.0123092401118,0.07728622005565974,20660.6103515625
547,669.142578125,828.4304813923737,0.11815921402314288,24585.72412109375
548,443.78424072265625,572.4153048705109,0.10680143582107658,12015.837646484375
549,300.3331298828125,392.4622792384002,0.07554055041393552,3447.119384765625
550,1107.8978271484375,1352.2863509626945,0.24859091316978435,54077.62255859375
551,592.6002197265625,1000.3737426582127,0.09736177035241575,1178.45947265625
552,727.0985107421875,1252.2460820461768,0.10288793131288876,6855.74169921875
553,553.4796752929688,726.2814537078583,0.08871486874685597,2632.1005859375
554,463.6755065917969,628.2680309788171,0.09612009085845116,5770.861328125
555,326.1418151855469,450.28114481399285,0.07738506043514978,5534.582763671875
556,465.00213623046875,593.9233431176115,0.07624635823508877,6878.28125
557,327.4772033691406,452.25590792161023,0.0921390762158281,3603.23974609375
558,296.7499694824219,382.91021712014947,0.10517072515555212,5338.188720703125
559,491.9443054199219,724.241586074702,0.09261243101473425,6956.1689453125
560,828.8640747070312,1121.597800015674,0.06519875375982709,13600.3955078125
561,562.6973266601562,845.8354228217213,0.09355454771283861,1554.626953125
562,737.6167602539062,936.0659698974213,0.04148162462686284,707.3671875
563,538.0700073242188,765.8753570261939,0.15029528438400888,16183.770263671875
564,389.5012512207031,516.2553571150618,0.07346784700869527,1843.17919921875
565,486.70196533203125,657.8083402481303,0.08644586035983666,14780.3056640625
566,461.4526672363281,735.4082624637828,0.09765940891520572,10779.51806640625
567,410.6053161621094,632.0656858665877,0.09488900649398492,3016.706787109375
568,358.8802490234375,497.6392550080831,0.07816172636695981,6654.840576171875
569,253.72088623046875,317.28644392725005,0.06584020202819238,1202.90625
570,375.55078125,528.259820069632,0.10774968005923384,6787.084228515625
571,647.9793701171875,902.3686885081951,0.08745123566785137,1865.03173828125
572,530.8941040039062,776.5420545598287,0.08740579367693303,313.2001953125
573,325.0314636230469,479.68420601474884,0.09287014454864845,2022.1884765625
574,542.3426513671875,709.4179392290556,0.06410317878873573,1579.857421875
575,818.7183837890625,1311.0795647099378,0.18913452764236877,24631.592529296875
576,531.4977416992188,723.2313340142281,0.09297055642105997,7964.3271484375
577,408.7174987792969,547.3527770094895,0.09230717897229004,11821.34423828125
578,809.7925415039062,990.9406200676204,0.0811171421985921,16953.947265625
579,651.168701171875,846.8612268252692,0.09450017234026116,17889.904296875
580,728.1900024414062,975.6313020296141,0.08488156883715982,8139.4033203125
581,369.447265625,503.92634940534714,0.09374745067232522,12127.77001953125
582,587.9237670898438,824.8696866778413,0.11583040927000915,22821.1396484375
583,208.37823486328125,299.519445842002,0.059016381348505405,766.21728515625
584,432.0541076660156,574.2107082770226,0.0995935266006047,2963.5107421875
585,428.591552734375,688.3756242052735,0.09429198415258706,4151.341796875
586,915.08203125,1406.9290582683975,0.07270891288960123,5055.8037109375
587,1168.8948974609375,1516.1937541092827,0.12960855765647894,11515.1474609375
588,362.1430969238281,447.65870090952103,0.06475926093925335,6445.00048828125
589,470.41705322265625,692.5837720088451,0.10400657211588395,535.351806640625
590,341.7189025878906,483.82462279735205,0.07214765665310524,3418.43212890625
591,412.3595886230469,538.8708101205706,0.08191324383273302,6506.5205078125
592,363.3379211425781,478.89465830180234,0.09775871058680043,8122.385986328125
593,594.210205078125,807.7435391261264,0.07534536983850475,1123.86181640625
594,303.5196838378906,411.6336546311538,0.08345144028003157,4061.719482421875
595,1281.8226318359375,1845.7816095085573,0.10432346252996626,25036.3447265625
596,339.29180908203125,455.4190206557034,0.07769779612197085,10995.430908203125
597,405.1884765625,532.8027015228057,0.09158317274544428,1826.34423828125
598,346.31207275390625,459.6473002477008,0.06613984016049074,522.84521484375
599,583.0919189453125,855.5253868237926,0.06864076894187207,5596.39892578125
600,524.4756469726562,754.4654564657019,0.08140666867055282,3462.45849609375
601,382.5713195800781,502.25517978911876,0.09074253022765376,2810.00732421875
602,404.1382141113281,503.3086310853411,0.07463753671591428,5112.87841796875
603,510.0816650390625,877.4047669120564,0.08218731580233601,9211.560546875
604,614.1336669921875,779.8233774387634,0.1072855486269442,17567.57373046875
605,646.4888305664062,877.7064927981335,0.09969503426552764,673.2890625
606,354.5848388671875,486.87304235806687,0.07169632339405306,6703.231201171875
607,393.5805969238281,592.7631535866581,0.13407495371179692,9533.093627929688
608,774.9816284179688,1219.4500809791273,0.09057430758031797,505.310546875
609,318.88287353515625,427.5597180511747,0.07613664009919242,1737.277587890625
610,296.3422546386719,433.55164773069424,0.08621426663012637,8294.6689453125
611,356.7865295410156,477.0139214425508,0.0693932731465723,6377.076171875
612,692.373046875,1074.2387420866928,0.1410715816549986,13490.18115234375
613,318.4715270996094,441.67767871491986,0.06057695401577517,6754.13818359375
614,481.0944519042969,617.9633888831927,0.08716566912680827,2221.21728515625
615,414.60650634765625,577.8632515569752,0.052249427130575274,7392.9951171875
616,528.6980590820312,756.5583668825559,0.07315132923184976,7937.26025390625
617,478.67266845703125,700.9249915290509,0.08072174676200837,1312.215087890625
618,499.13616943359375,726.3678475813753,0.07407761900052189,4810.95361328125
619,326.8361511230469,563.138692952278,0.0798405078874004,1673.490234375
620,506.0078125,724.4020378905625,0.067210704229648,3706.7177734375
621,362.33990478515625,494.00406438105347,0.07174083132147051,6707.85400390625
622,280.5881042480469,387.1167661378153,0.0691783352579915,1591.913330078125
623,695.0985107421875,1015.429588893292,0.11876993272947757,6008.185546875
624,435.28765869140625,551.9089315729543,0.07247818037746466,7437.55419921875
625,484.9702453613281,650.2133544076129,0.08979254832921105,2276.2880859375
626,626.5825805664062,813.4344626335917,0.07833583608975381,2472.0048828125
627,452.0836181640625,592.4599406289002,0.07926402138998147,4367.51025390625
628,593.3600463867188,1020.0261332436537,0.09981728274822904,31.5703125
629,530.1328125,732.3830964734235,0.0994123225456187,473.8623046875
630,539.8661499023438,744.79229487153,0.11015867948954786,19593.009033203125
631,426.3818359375,557.9005287683459,0.08959650126438656,9625.07861328125
632,440.9529113769531,599.4322834983114,0.0673886560975231,7462.68310546875
633,652.3438110351562,899.8038327880139,0.10866572183148746,14446.548828125
634,371.46282958984375,490.03878991871653,0.06849091131463292,4691.970703125
635,375.13006591796875,526.9860944560112,0.06837129411143257,2081.1591796875
636,977.3328247070312,1504.7997375066225,0.15011033212476949,27303.64013671875
637,458.8624267578125,610.6822004938412,0.056371362195481785,6213.9013671875
638,427.6018371582031,565.7568768914789,0.07962664213097774,6914.74560546875
639,391.3780822753906,495.30225935785916,0.11152647193485714,12174.29248046875
640,868.4290161132812,1156.8450090656052,0.08582629130612578,18439.02734375
641,460.0058288574219,620.6624233429957,0.103460626194518,13083.29150390625
642,279.35772705078125,362.8889723455371,0.10621492796850159,10735.482177734375
643,590.5828247070312,893.5141996633294,0.08321009994640065,2885.67626953125
644,1135.3253173828125,1398.2437198142534,0.1410149925144041,45546.82568359375
645,799.9757080078125,1192.241848368023,0.0832152978398948,15079.5361328125
646,330.4481201171875,421.40575755440267,0.07715435655845591,2153.37646484375
647,439.4709777832031,643.2350124565671,0.08150399475512388,2654.58203125
648,493.464111328125,640.931036656831,0.09016624959967078,10399.8486328125
649,350.48431396484375,447.4070783414138,0.11601750433375552,6988.6822509765625
650,457.2590637207031,613.1191003793634,0.08166732642477403,58.37890625
651,441.1470642089844,579.0904776025936,0.07009659175421139,12478.68896484375
652,483.49896240234375,665.7824109647236,0.0808590235997462,7301.041015625
653,379.9623107910156,512.9413952879997,0.07569946527942177,579.38818359375
654,436.4696044921875,581.4258873665672,0.07521764901792859,3284.296875
655,713.8070678710938,949.0889052138372,0.09464065143236891,17441.04638671875
656,308.656982421875,453.70864136579985,0.10435308259668633,3042.24267578125
657,1008.677001953125,1375.8014482475296,0.21773133844682327,39209.951171875
658,424.5744323730469,576.262093148595,0.08429857893768321,3582.29638671875
659,389.8987731933594,544.7935101944589,0.07875472138823393,1309.45703125
660,408.3111877441406,580.583435003101,0.08210255559539562,9874.5029296875
661,513.3196411132812,690.5939020147803,0.08342941539595128,2941.28173828125
662,637.0115966796875,924.0059185416509,0.09166610247049041,12314.38525390625
663,607.1183471679688,822.3754084966306,0.10774291607808534,5178.22802734375
664,379.9691162109375,574.2845821106466,0.08162622347325377,3241.194580078125
665,583.9756469726562,886.5961947245206,0.08326953665775011,674.51513671875
666,500.8030090332031,651.19534319588,0.07879834042962425,11009.5966796875
667,457.192138671875,663.2665612331139,0.06077799812385984,603.416015625
668,506.7550048828125,697.2527563588401,0.0683192334474776,4710.83642578125
669,467.6830749511719,591.2966683484696,0.10030541877137805,11744.842529296875
670,395.7137451171875,573.1466053724823,0.0691025890579437,3909.12646484375
671,678.9452514648438,864.7499638623872,0.11208403711839975,25879.890625
672,407.59564208984375,542.8109995661473,0.05824918263687022,49.08642578125
673,577.446044921875,786.1075785158162,0.08523345880718941,3205.333984375
674,648.0211181640625,912.6235190372863,0.09295191806375695,9129.7529296875
675,438.5629577636719,612.5363764708183,0.14682340870084928,13530.94677734375
676,1153.193603515625,1522.7118079268973,0.1258882899972822,35042.412109375
677,583.4183349609375,795.586733172443,0.09657840255545257,3835.6435546875
678,844.2509155273438,1289.2510422722178,0.12089915431638112,4744.5078125
679,522.865478515625,686.0848389594395,0.06323882966258426,7053.302734375
680,458.4001159667969,618.7534343339033,0.10228185012966558,6166.7333984375
681,330.2413330078125,476.33109545777086,0.09872766166946075,5582.111083984375
682,594.3203735351562,751.6924653739719,0.052078972296046536,10686.50341796875
683,514.8872680664062,758.608182792672,0.06871986806412385,11047.2275390625
684,749.722900390625,1007.5308618101978,0.10021136805264012,1909.9150390625
685,534.7913208007812,811.9498137200353,0.10935488127527943,8984.416748046875
686,352.6743469238281,437.34647306226213,0.06551080084788774,2427.969970703125
687,693.5003051757812,978.6422993106316,0.08975304281450011,13560.66796875
688,288.2547607421875,454.0040611051844,0.09435062648862101,2044.1759033203125
689,385.0948791503906,503.23914854172466,0.06715030216840237,3440.962890625
690,407.9264831542969,602.0348567566499,0.08407830312625847,1612.66357421875
691,711.1840209960938,996.9222637698488,0.10268833226465396,5654.67529296875
692,603.1425170898438,1094.9478298074296,0.09997915651571386,1403.743896484375
693,540.9762573242188,772.0442425794004,0.09493416956735873,1417.44189453125
694,510.6585388183594,733.0439959511298,0.06729856084574798,3186.14501953125
695,592.2841186523438,895.4727801558236,0.13348725188451432,5764.033203125
696,712.041259765625,1057.1765462778674,0.09004551158737677,7316.64208984375
697,874.2332153320312,1374.795712096892,0.08664488216830403,1664.18310546875
698,1057.7381591796875,1466.4953971970044,0.07092611269819216,16798.90234375
699,600.966552734375,850.8543133227921,0.09078892143766333,5997.021484375
700,311.210693359375,423.95120591879436,0.07369046443841538,796.126953125
701,791.7203369140625,1162.0078528133965,0.16223752614740206,22710.32958984375
702,345.0668640136719,448.9580993812229,0.09235489156862421,4888.34716796875
703,230.71815490722656,314.8032867919266,0.08808874054042416,3899.215087890625
704,633.8839721679688,895.1131213427719,0.06784266955176795,13940.11767578125
705,807.8179931640625,1108.3660834760328,0.1159664023763305,12165.96875
706,394.61334228515625,517.8530498606724,0.083154638727499,6496.84716796875
707,830.1517944335938,1294.1436357684568,0.10560610825896234,3977.2548828125
708,497.4820556640625,709.4363960215179,0.09682464368895763,2008.407470703125
709,495.62774658203125,696.1971479042413,0.05552691089987265,2157.474609375
710,919.2542114257812,1222.557309495142,0.2455151239611347,33487.377685546875
711,1353.2117919921875,1623.7432832809502,0.27906173373846543,69088.33203125
712,505.112548828125,746.2943872896271,0.0958993949158252,7611.09130859375
713,1046.7958984375,1484.3725947348935,0.14045678629813454,36189.18896484375
714,404.39727783203125,576.3972967927591,0.08801160800375056,2647.212158203125
715,391.4914855957031,583.3023176278318,0.07413231091692925,3580.37109375
716,527.1199951171875,714.429405189904,0.10725687761768399,12589.69921875
717,479.91522216796875,775.2713234732728,0.10179192814655245,7614.5126953125
718,555.8760986328125,765.2442420560902,0.09296222843782291,23359.2861328125
719,549.3716430664062,689.66928215631,0.12585284710658337,9717.826171875
720,468.2048645019531,703.8681961134484,0.07247827770575838,4245.96142578125
721,492.25592041015625,661.8286456855732,0.07240014282132805,5149.8505859375
722,1645.7498779296875,1965.6119276194881,0.2448867355134476,82751.94677734375
723,471.455810546875,720.4863808567098,0.06672674234149677,10212.18505859375
724,507.2053527832031,728.7351199166951,0.09041673410803831,15490.46630859375
725,349.19842529296875,464.5146492576956,0.06648596222657896,1534.904296875
726,511.13958740234375,693.7762157208908,0.05627901001163718,4378.3876953125
727,300.00726318359375,385.59027396317975,0.07564699713308841,2553.67333984375
728,382.4063720703125,530.0733734588072,0.07979843323203886,383.7802734375
729,730.1300048828125,1089.0800590406566,0.07792654709869304,12253.521484375
730,485.1891784667969,650.073433351956,0.08128848227792959,3481.47509765625
731,707.6895751953125,974.8584833195022,0.08899206034940656,11622.55908203125
732,729.9754028320312,952.9409084513059,0.0918301191855739,7639.5771484375
733,605.1039428710938,805.3785988589466,0.04160323633296575,16486.17578125
734,471.47210693359375,608.4697763652686,0.10857160139461687,11921.474853515625
735,350.20745849609375,496.4293441669217,0.07555025508524782,1327.46435546875
736,484.6964111328125,689.1058518108811,0.1168176650683593,9780.682373046875
737,668.8818969726562,1026.0777261007083,0.12095928135118386,2285.62841796875
738,542.2638549804688,734.835015496676,0.07171708204700177,3288.466796875
739,1180.079833984375,1532.3489321952752,0.12954032556507042,40758.4716796875
740,546.8209228515625,753.5196580050185,0.08492745139822891,1630.845703125
741,591.8128051757812,822.9481302001967,0.07961777560144928,801.1572265625
742,531.57421875,757.7891774761632,0.07293696912071561,4082.0244140625
743,318.7084655761719,483.02099462652757,0.09795023962583461,311.7554931640625
744,457.66326904296875,644.0425306220079,0.06567020222440106,2949.1982421875
745,508.2983703613281,805.39586539788,0.07464256639889812,6479.250244140625
746,556.1605224609375,787.010085704116,0.09887675986177398,15176.6376953125
747,475.514404296875,644.6027119474444,0.0687144782651392,1517.79345703125
748,423.1219177246094,575.0887974913092,0.08452983986367293,3065.364990234375
749,349.23828125,510.67525762464743,0.08539690265683826,2841.401123046875
750,666.4737548828125,857.7738994047324,0.1682769543407477,31332.65966796875
751,377.74652099609375,534.5915496900413,0.10732790226970403,1303.01953125
752,382.1603698730469,511.32609458153024,0.08467930722110363,338.9404296875
753,734.4608154296875,896.0620444478161,0.11428628868103985,22628.34130859375
754,479.91607666015625,698.3088276328748,0.07426333174275786,2843.92822265625
755,690.810791015625,848.5665486572046,0.07617550805271901,13498.3818359375
756,1604.8255615234375,2504.419593438767,0.1060745632791954,1374.2998046875
757,427.8204650878906,607.1320130334094,0.07595236548008019,5222.5498046875
758,283.4156799316406,378.6242984476828,0.06620582666376668,1634.736572265625
759,551.69140625,768.1118082675204,0.09107902352015054,6056.88818359375
760,494.5855712890625,652.2781950594393,0.06898855273253232,10988.65185546875
761,682.4683227539062,981.6908563799502,0.08307684402886498,158.14501953125
762,356.6532897949219,514.2207089373201,0.09008363880394236,4044.181884765625
763,348.78204345703125,443.3193685143928,0.06663056856932019,677.814453125
764,288.192626953125,374.4034630248497,0.0850990228425543,2381.2188720703125
765,637.8137817382812,820.2953736307428,0.08568251756583135,6891.33740234375
766,433.3640441894531,562.4305512683321,0.07587685804993827,8833.166015625
767,346.1671142578125,469.7512307062111,0.06627127522049817,649.716064453125
768,739.1636352539062,1094.2389478537127,0.05965580505124941,169.5224609375
769,795.665771484375,1145.9452975600536,0.06574087293498132,4643.1962890625
770,543.76708984375,726.8659178280407,0.1381937486550173,22072.7158203125
771,447.15325927734375,575.7451150465803,0.07337877916310268,4036.5166015625
772,368.37835693359375,505.07663403685586,0.10618636722939019,5437.463134765625
773,289.6104431152344,378.6187891534175,0.06596346823211827,6232.46630859375
774,318.2827453613281,448.6359534745293,0.06381712669579312,1007.0234375
775,1586.02685546875,1892.6083852715014,0.20977402879045465,74847.20458984375
776,457.4106140136719,629.1926125996713,0.10692747676756803,510.43505859375
777,349.886962890625,469.9928357166734,0.08830312141565787,1468.952880859375
778,381.1588134765625,570.1125985276943,0.07562784081997677,3567.4853515625
779,469.2459716796875,580.0485971020014,0.08209260717688192,8055.389404296875
780,406.4130554199219,569.7317625426899,0.07082749618404567,3330.506591796875
781,306.2281494140625,431.9253226832157,0.07550913176053478,904.78857421875
782,655.5593872070312,1141.4721306278134,0.2109247425979381,15951.9892578125
783,476.8122253417969,659.5409625262104,0.08042787788723364,15255.72607421875
784,714.4159545898438,1040.8879622706759,0.12216782248312207,22503.67822265625
785,728.936767578125,1019.7298048993174,0.1161728813612804,9613.1484375
786,256.6611022949219,387.1958685536301,0.10249786142812073,8794.538208007812
787,626.256103515625,899.075949238995,0.06915970927629762,7723.98974609375
788,946.4816284179688,1227.7529780049406,0.060249850404508726,10333.9111328125
789,247.85865783691406,341.46658648760933,0.07421491868412648,535.687744140625
790,479.84857177734375,644.1611551079435,0.07400511099059386,2393.26806640625
791,747.39013671875,1049.2304322692894,0.10176310141693054,8368.11279296875
792,442.9163818359375,614.4102609413355,0.07244187542855732,7920.01708984375
793,362.0652160644531,506.57016110801476,0.09140864794633828,6728.764892578125
794,197.90167236328125,256.13906135144634,0.06866461016566304,1438.007568359375
795,353.1711120605469,484.9301173880624,0.09112515773297415,1494.5302734375
796,420.25396728515625,577.0784987763797,0.06519744185182066,10927.63232421875
797,445.46832275390625,592.4133902943113,0.10014188958823285,10272.41162109375
798,465.5165710449219,606.2298192517422,0.07714486832875798,9165.96142578125
799,643.572998046875,976.6600931234981,0.0740007781442208,1430.72509765625
800,377.1361389160156,494.42450763488654,0.09630735806405934,5334.36669921875
801,558.2362670898438,743.8029392923908,0.11600563422896812,1033.798583984375
802,429.74609375,578.4113209905214,0.07034566882973219,2378.46484375
803,413.9345397949219,604.7959624947905,0.08712511297297265,10697.69482421875
804,413.59429931640625,531.0153010978121,0.08775171498979586,7142.184326171875
805,454.42596435546875,577.7733119485531,0.10601818337337886,14222.6259765625
806,459.6171569824219,632.8769133883776,0.07936370060653967,4425.85986328125
807,596.9325561523438,798.2144918504048,0.06984029043319265,9546.25146484375
808,483.4065246582031,703.2170717495417,0.07345079035085048,1852.93603515625
809,587.454833984375,782.6498259119464,0.07258230867463644,973.828125
810,336.1656188964844,472.97717307498044,0.06536305304544633,1190.875
811,280.0621643066406,364.9659658790118,0.07555696602519929,1274.54638671875
812,354.0029602050781,478.8003889931586,0.06931245661635338,2478.211181640625
813,414.8215026855469,582.0566445802333,0.07880973112743847,6718.4716796875
814,493.9132080078125,629.1974799297913,0.06900192692928661,2026.03173828125
815,520.9187622070312,757.885256816624,0.09116456912655031,14735.467041015625
816,388.666259765625,563.5681247639898,0.09325125103613466,467.432373046875
817,785.822998046875,1022.6898356784426,0.043979978304388434,15374.6103515625
818,497.9174499511719,684.2638151692664,0.09249696254716941,13906.30810546875
819,365.728515625,499.2935165060728,0.07408127052273436,6154.08056640625
820,866.470458984375,1225.4064121751608,0.079963607853771,439.267578125
821,601.0078735351562,952.445438069814,0.09225878541031446,943.87353515625
822,595.8865966796875,790.1957036076569,0.09893987213111884,1757.43994140625
823,358.7971496582031,510.47301899806615,0.07163946851246729,4390.34912109375
824,478.7669982910156,672.8459379754031,0.07237283918654461,3388.27001953125
825,377.1954650878906,571.3895617264984,0.08146442649819438,589.892333984375
826,649.7721557617188,889.927876291107,0.08292296591281628,4727.1806640625
827,1000.197021484375,1359.4868976933908,0.07355119393205588,23095.5146484375
828,341.9739685058594,516.4044260557804,0.07812773099785164,5087.60986328125
829,404.072021484375,545.6420816341057,0.08602578475208249,2034.91455078125
830,431.5509338378906,759.1961620688029,0.07087031707066262,3809.37353515625
831,832.8631591796875,1186.9763582312835,0.08072188680616728,4606.92578125
832,444.54730224609375,624.0443694161497,0.07904279792033926,2205.50439453125
833,430.2548522949219,545.5984100050146,0.09414703088238315,2267.50537109375
834,376.28912353515625,566.0338163484581,0.07376292680403894,3718.494384765625
835,427.1070251464844,588.7397822892556,0.09188510026824524,6915.28369140625
836,428.9558410644531,578.1302567328578,0.08030145545082511,3250.719970703125
837,311.85748291015625,422.206795450997,0.08817129454470994,4484.576904296875
838,535.713623046875,686.9509853330148,0.07464196882467479,10207.875
839,357.3246154785156,439.497226953709,0.1193946705849252,13694.78564453125
840,622.3137817382812,821.1483194283478,0.13114501431220515,29351.8232421875
841,226.5964813232422,303.37543778295566,0.09885784036488979,7997.4024658203125
842,1923.6640625,2408.1884270131354,0.10776758967179166,679.36328125
843,659.9375610351562,924.3391220217826,0.07788637568137144,11297.56005859375
844,356.108642578125,470.74057345846023,0.10176264938217806,568.950439453125
845,460.5543518066406,613.37052932954,0.10388662551573234,1194.93212890625
846,828.7836303710938,1283.6950572468525,0.10393493906551649,14802.81982421875
847,505.71038818359375,759.133963803491,0.08675297974565352,917.1171875
848,747.1235961914062,1143.3584849031383,0.12038414559032407,596.802734375
849,479.0634460449219,639.4163109821332,0.06726262688500294,2099.734375
850,631.562744140625,842.9676002077423,0.11885866908896811,7557.13720703125
851,448.5908203125,582.0400544636082,0.09910098142276173,8384.96240234375
852,344.9309997558594,490.38467043740263,0.09448873225273043,3786.937255859375
853,506.0852966308594,691.7158014676259,0.06025913982762566,2957.56982421875
854,549.4004516601562,700.7858312280579,0.11300414410061532,3163.1953125
855,396.1188049316406,627.0435590929868,0.07357835637876568,597.990234375
856,438.2649230957031,635.2061673189264,0.06810305590395474,3811.0205078125
857,474.04974365234375,648.304856915325,0.07262564263968456,3925.2255859375
858,301.4105529785156,390.8588100260758,0.07089706104417905,2239.384765625
859,533.059814453125,690.5710951813724,0.08113670232822195,9404.23486328125
860,517.0048217773438,645.7951977988068,0.09362182945228541,264.908203125
861,315.36444091796875,407.8720310955386,0.0931268811545226,2545.779296875
862,567.6063842773438,853.0001831770026,0.0749248691383772,3648.01318359375
863,714.0997314453125,927.1703255065921,0.09236776465297207,8618.263671875
864,308.5362854003906,448.9725249110462,0.07540815955339375,7751.197265625
865,677.81201171875,906.8440466805745,0.09470436915384456,10760.4619140625
866,521.7188720703125,645.7594124362416,0.0880443948684371,14841.10302734375
867,431.6774597167969,525.1144815656868,0.0994416515350798,5686.1153564453125
868,671.3975219726562,905.156754380146,0.08086453689719127,2400.087890625
869,448.8013916015625,620.9804747333043,0.0951971631165655,5596.98388671875
870,407.2523498535156,488.76206826532683,0.0717587516208099,262.2177734375
871,665.210693359375,961.8219689734686,0.11829001035670285,13449.82470703125
872,591.8427124023438,736.706819230011,0.09287873659268743,20044.97216796875
873,231.9412841796875,292.07454367421343,0.07423046894338745,5001.612548828125
874,450.5104675292969,602.5492199812394,0.10629102459792521,10815.568603515625
875,343.5789489746094,458.9405598767666,0.08066044592907554,1791.217041015625
876,2270.115966796875,4343.649847766277,0.24238444624260067,39529.70361328125
877,417.5210266113281,632.1607291662461,0.07873507932724481,1374.34521484375
878,439.3646240234375,604.1570573948467,0.059273767427461675,10995.927734375
879,379.3174133300781,517.6352480270253,0.10593743737511824,3734.917236328125
880,468.8022155761719,639.0837679835093,0.06486465157980036,7718.04345703125
881,467.80096435546875,677.8057197678403,0.12027302566716436,2812.759765625
882,332.056640625,436.81916667541043,0.06308897710670437,1740.44140625
883,359.2960510253906,493.68116608799244,0.09491186812601438,11461.902587890625
884,459.06500244140625,604.551538332341,0.08303485385309138,1355.67578125
885,510.2210388183594,618.2508087338018,0.10292584739338755,15846.04345703125
886,445.599365234375,647.8834771778024,0.07561152851661994,3146.453125
887,481.49298095703125,634.9411390042387,0.08047996811456898,5144.91015625
888,639.926025390625,881.0765432129039,0.0806200476325096,10330.46142578125
889,270.748779296875,357.71280816459455,0.07357677937667659,3501.454833984375
890,808.7442626953125,1027.9512999164892,0.1488469628437974,36631.15478515625
891,843.619384765625,1203.4426658549214,0.13078596391711095,14751.16015625
892,563.5928344726562,753.8220943962839,0.09779701793509005,11878.264892578125
893,394.2278137207031,566.6290949554215,0.06977870696814269,2712.10888671875
894,554.5444946289062,773.245514051003,0.07948887119465604,3376.6064453125
895,685.62744140625,962.3334596178188,0.07382065304301315,17459.13037109375
896,435.7639465332031,574.1129026593985,0.06897127666136513,7879.48876953125
897,239.7827911376953,316.867307598938,0.0861700905477445,3617.20654296875
898,536.8267211914062,877.7861356845414,0.10156069020566844,5372.798828125
899,399.322509765625,595.3777424879099,0.0879626503969875,8548.13916015625
900,501.8321838378906,738.88898861737,0.08654364047182059,1286.5966796875
901,456.1387023925781,634.4558938570907,0.06944302223263456,4952.0615234375
902,610.9137573242188,825.1292701752859,0.18405883713054966,32639.6103515625
903,831.9373779296875,1136.869165735442,0.0785664315489268,13224.6279296875
904,482.1500549316406,665.4209663814329,0.09563368926633532,6780.48583984375
905,523.3379516601562,748.358620582405,0.09022752986071138,3237.81494140625
906,795.5465698242188,1185.1855867331496,0.08665390077625598,3670.81591796875
907,529.9501953125,731.6463882915025,0.09294388885325658,6494.6201171875
908,428.29510498046875,674.941779896607,0.118634222834734,7178.7069091796875
909,3278.612060546875,6485.5467001633715,0.32868935698029145,100462.3935546875
910,471.63262939453125,672.431804163069,0.09121817667212559,2613.15673828125
911,501.0060729980469,674.5630761833914,0.05571310933817762,763.51025390625
912,420.90472412109375,533.681582266055,0.08522898928848938,4214.07666015625
913,484.0860595703125,700.6895487660709,0.06592630492048965,413.3359375
914,493.89569091796875,729.1961327379623,0.05682181162744509,9959.7841796875
915,576.1016845703125,813.4362298299726,0.10486178756757614,646.96044921875
916,541.2719116210938,799.9268325915815,0.11254209376780418,789.779296875
917,541.3043212890625,758.1995532180166,0.09323961565666829,5019.626953125
918,441.5278625488281,569.78172904192,0.10345482931354713,8191.714599609375
919,386.92071533203125,546.5273609344732,0.07939069642055128,741.384033203125
920,417.4510192871094,556.1963176343403,0.07680283106386217,10450.859375
921,550.7914428710938,790.4077665989878,0.07836844495037801,17498.8115234375
922,527.7667236328125,693.7884899232619,0.07929028634745282,7022.05517578125
923,269.8455810546875,341.2360803021861,0.05727255569177245,1672.27392578125
924,450.0953063964844,612.4576260852664,0.11457408904213379,8887.946044921875
925,609.8606567382812,876.4395658001754,0.09925248069028215,281.02099609375
926,712.3088989257812,1016.2470172157948,0.11786743423800736,10824.19580078125
927,504.1363220214844,704.1207282845747,0.08910615871711153,5321.30712890625
928,616.6289672851562,896.948577121342,0.09288386673369671,8237.24365234375
929,383.82122802734375,530.9408512254449,0.07568110696964682,1510.89501953125
930,605.4293823242188,917.0210943593391,0.09956271416187387,1464.361328125
931,419.0992736816406,558.7354863886846,0.09150876947730194,6680.48828125
932,606.0042114257812,887.9161700295812,0.08793366017423263,2110.98828125
933,511.6256408691406,674.0851670968588,0.08043198078050504,4908.122314453125
934,577.3411865234375,844.1198078472037,0.0929508454787978,3859.40185546875
935,382.7918701171875,558.0611245643258,0.07068868790550473,3305.685302734375
936,361.6129150390625,473.9551336888335,0.06384384246853925,5880.396484375
937,551.5178833007812,746.0406741592578,0.08280898360631303,16311.46923828125
938,581.1887817382812,773.9178735499006,0.07005272982286838,1572.3251953125
939,398.7687683105469,538.6837836337753,0.07891630897516332,6492.57666015625
940,583.68701171875,765.039745699529,0.08597165808959935,3629.75732421875
941,390.79974365234375,545.4021165617163,0.0820754417821446,2812.9091796875
942,506.7040710449219,755.4005559966182,0.09052245698603,3486.8603515625
943,484.3315124511719,606.0915256790843,0.07927920592128514,5828.92236328125
944,487.388671875,629.8135140658701,0.08133886926515538,1500.06494140625
945,318.56597900390625,412.10285806458563,0.08668840397463216,6714.615966796875
946,278.15374755859375,418.82206469454303,0.06941251036604296,6324.832275390625
947,638.2891845703125,932.7994827399938,0.10640936779528823,8565.6640625
948,613.5066528320312,921.1369333600733,0.07270142690814643,15895.365234375
949,265.29443359375,361.8188319967605,0.05936071348862206,741.703857421875
950,338.9743347167969,468.1591609698565,0.06514686004634287,3229.284912109375
951,832.2129516601562,1275.1025939115643,0.12035217471868127,19547.2177734375
952,534.08740234375,668.2814246258832,0.1074782397277813,18924.2587890625
953,344.530029296875,448.68712999706156,0.08176885277401584,3278.535400390625
954,669.4894409179688,1004.7269529578671,0.11851446264935896,15142.0849609375
955,389.09954833984375,506.88367748429226,0.08843964251542252,9509.96923828125
956,421.0443115234375,561.3626278975115,0.1732436767633853,10162.668701171875
957,580.402099609375,787.5644021284862,0.08200291904693705,8241.66748046875
958,200.0769805908203,277.00891231149944,0.0595479937877235,4508.376220703125
959,442.56134033203125,651.0606730558989,0.068390421795851,3060.60693359375
960,522.2533569335938,693.6832625557576,0.08032875358094575,5952.72705078125
961,430.9959411621094,586.8409867672843,0.08003756231157852,6727.43994140625
962,564.6278076171875,786.1189477426428,0.09582126515300614,4492.4345703125
963,713.0096435546875,893.9766845393676,0.08481233786003255,9443.023193359375
964,635.8386840820312,834.1593073268439,0.08551756119172035,9838.806640625
965,597.032958984375,781.1004256816149,0.092861030626623,13955.25830078125
966,278.3311462402344,384.69068337431827,0.06866446108718288,6262.071533203125
967,724.394287109375,1047.0818377758255,0.10076241079483104,8928.9736328125
968,422.36517333984375,542.8210167725638,0.06643678088167358,4391.77880859375
969,270.0544128417969,389.1334724422971,0.07449730927408041,423.03173828125
970,295.02984619140625,425.710435624968,0.11787762887631807,9878.154418945312
971,566.5350341796875,825.1605146879,0.07333614293879118,17469.4521484375
972,204.09584045410156,284.5966443934292,0.07856446311024497,3824.3277587890625
973,698.7260131835938,949.5952756306236,0.11708845479641289,22596.61865234375
974,625.4179077148438,910.1891973650313,0.05517735130905518,1560.296875
975,571.1587524414062,884.9725631340217,0.08802417600839456,6734.97119140625
976,456.4187316894531,619.769488398711,0.07544893024687921,8188.15771484375
977,482.30657958984375,767.3174864422158,0.1214735349642114,12840.580078125
978,657.3627319335938,921.2462686491599,0.0993681320787175,2554.97705078125
979,460.4550476074219,648.0060281355413,0.08065219237560138,3833.69775390625
980,641.0324096679688,805.1954731616416,0.12756699889316805,30197.86279296875
981,498.5543212890625,628.068691505953,0.08063541588447586,12619.689453125
982,511.99957275390625,666.736407810463,0.07391734672902485,4433.81005859375
983,779.1090698242188,1119.6044502412449,0.1137667793110079,19913.1484375
984,615.217529296875,958.2006248693433,0.11528498357787588,5748.68310546875
985,747.9984130859375,1086.7885603924988,0.10121494547603128,8445.228515625
986,454.030517578125,593.9546489421562,0.10531805008373332,10706.0458984375
987,503.49029541015625,925.3316635131428,0.0748505376315361,2619.258544921875
988,493.5152587890625,657.1173553863875,0.11608298042033621,355.80615234375
989,434.4866943359375,628.5183967076858,0.08970600788038663,8724.616943359375
990,387.8964538574219,525.7487517816852,0.06945336654263477,2410.0244140625
991,483.40631103515625,633.6955597919241,0.0950532906510358,1549.66259765625
992,409.3546142578125,558.2918143766752,0.09520935580951373,11372.25390625
993,511.44439697265625,718.0192372074721,0.07396980478744569,10194.666015625
994,486.0693054199219,747.215581341824,0.1223221925496994,10682.522705078125
995,500.63824462890625,646.3597827448734,0.0621655862810659,4904.45458984375
996,618.212646484375,948.9458625232527,0.10033343706345146,5992.80712890625
997,401.2769775390625,527.5001777250885,0.0957191373330309,221.4892578125
998,312.89764404296875,426.16063946005147,0.07451845860085887,6413.87841796875
999,605.42626953125,959.0406013303086,0.07664766308669702,1685.28271484375
1000,611.9476318359375,846.7645776719761,0.09741172562322789,9711.92724609375
1001,435.7077331542969,641.4200067038757,0.08502912698887252,877.8271484375
1002,493.4129638671875,692.1533428366868,0.08227792169543655,3664.8251953125
1003,592.9952392578125,824.3000439767063,0.10295397419908787,6420.865234375
1004,623.6000366210938,944.3325354450094,0.12891928004535516,2012.37060546875
1005,471.2445373535156,618.8355496414213,0.08826216126395464,557.134765625
1006,464.947998046875,656.1031502363024,0.07763174814617714,767.32275390625
1007,563.5809326171875,795.7085678814826,0.08680046771941087,1591.8134765625
1008,339.78668212890625,508.6194242751647,0.06983365779689112,236.59228515625
1009,365.940673828125,460.7897602215136,0.08693993379470973,5110.7001953125
1010,691.5701904296875,986.9765701373058,0.08399863303520669,877.11572265625
1011,740.6018676757812,946.9610274451636,0.1289238246425093,11225.85302734375
1012,841.367919921875,1039.9910456345285,0.171828797972941,40299.60302734375
1013,306.3196716308594,438.53857085209734,0.09804342562871954,6420.9752197265625
1014,1210.9591064453125,1736.7029826657176,0.14328772650819302,29683.75439453125
1015,429.4214782714844,588.2204359336728,0.07466642098097553,7359.96533203125
1016,383.0998229980469,571.3306835800087,0.07616104366591138,6296.87841796875
1017,397.9171142578125,521.0167343761618,0.07488665662867655,14596.9501953125
1018,671.1156005859375,896.4992679863158,0.07144050261120681,1907.8154296875
1019,1075.5518798828125,1657.9829613117258,0.15398185426301333,35938.01416015625
1020,532.799072265625,725.7035379547216,0.073683467545871,5987.916015625
1021,638.892822265625,828.7279408828931,0.07646128965112112,10974.02734375
1022,496.62286376953125,682.2161039582692,0.07970381548706258,10199.81884765625
1023,497.51641845703125,761.2179796221317,0.10328934226713665,3106.1171875
1024,364.0395812988281,491.3398295731784,0.06893883009596996,2057.466796875
1025,482.3546447753906,670.3271822401356,0.06917786082609559,5298.81494140625
1026,620.2225341796875,827.8789917614772,0.07740126553945458,1710.40478515625
1027,1768.6202392578125,2325.2329990777266,0.16353206187151637,48256.8623046875
1028,550.089599609375,789.0656262314308,0.12470548993687094,4895.20654296875
1029,342.6142272949219,460.5410880149566,0.07852869466629314,3191.4105224609375
1030,292.04522705078125,414.7493407167756,0.09463256348074525,1915.688720703125
1031,415.8624267578125,534.8403383253735,0.10072950279413195,712.326416015625
1032,647.5743408203125,951.5774075186947,0.0788047912745907,4720.20166015625
1033,917.1909790039062,1282.7877844756708,0.07547427207651022,6496.5068359375
1034,386.14337158203125,509.52644987772715,0.07260192507122802,5814.181396484375
1035,265.51739501953125,350.97451385392645,0.06869707544545625,2018.5887451171875
1036,469.56756591796875,618.7111351430488,0.11179137722709853,11160.56591796875
1037,564.8607177734375,797.0254857907619,0.107823341312664,12065.79736328125
1038,423.5083312988281,542.033699367484,0.08315822498144446,6009.36181640625
1039,685.1582641601562,945.0655400552916,0.1014070170697793,15603.7509765625
1040,550.2100219726562,793.7321257829999,0.07248219854263574,6146.33203125
1041,407.067626953125,543.2971102444776,0.07454432031420048,4713.7998046875
1042,413.562255859375,596.4005575114766,0.10691534332133464,2040.258056640625
1043,502.84771728515625,653.6022060473787,0.07346694536462332,956.71875
1044,538.5991821289062,776.3552263622626,0.10510745811297408,8366.51416015625
1045,852.8759155273438,1102.9952402435833,0.0985487569153428,16952.94091796875
1046,610.8783569335938,766.1150370538356,0.08053615325956309,4247.43896484375
1047,404.71484375,619.017896550657,0.08602842811234378,2163.91162109375
1048,728.3112182617188,1082.380016445241,0.11021030919739093,5087.88134765625
1049,389.93768310546875,511.9259895238764,0.11425165914907479,6628.718994140625
1050,480.5510559082031,636.1360408749059,0.08271283403214054,11276.80126953125
1051,642.6202392578125,889.2794836270541,0.09223088266455808,4054.97998046875
1052,525.9306640625,726.1991376337485,0.08456588533773297,9926.396484375
1053,526.716552734375,820.014138597622,0.06520817900586359,6776.904296875
1054,413.7906188964844,564.615687879818,0.07624244679559133,4280.7197265625
1055,479.1833801269531,680.2938014196513,0.07242098688676767,1202.61962890625
1056,528.4862670898438,765.2366055671932,0.13670032319652772,13673.719482421875
1057,421.419189453125,563.212798371983,0.08587624002255315,11642.2080078125
1058,508.2613830566406,732.9534859048015,0.08620164812094014,3033.61962890625
1059,537.5372314453125,716.6149811788755,0.07371140830508065,5742.36865234375
1060,513.6986083984375,745.1871409250163,0.0831697798855113,5276.10009765625
1061,570.3786010742188,774.6621440989613,0.07647508934717764,2043.8291015625
1062,436.1904602050781,622.3596729384062,0.08386761765917841,1327.0458984375
1063,269.2110595703125,368.86841319093725,0.07728887678910859,5700.0546875
1064,621.1489868164062,874.1675325702734,0.07407346186981181,425.67431640625
1065,317.5307922363281,413.91528043187776,0.08849228919150183,582.01416015625
1066,1054.5272216796875,1412.1177358846535,0.13155260439158822,46062.0
1067,403.6294860839844,546.1868670610819,0.07315941721048526,2804.27880859375
1068,296.40093994140625,391.1579763982834,0.07204155158585432,1516.967041015625
1069,468.8323974609375,701.7249283016814,0.08826216898107637,207.079833984375
1070,489.25628662109375,680.5060157706175,0.08293256130877101,1531.193359375
1071,345.610107421875,472.7779936185693,0.06538508774350522,905.88232421875
1072,435.4239501953125,631.9302028309772,0.06867690474453403,11127.51025390625
1073,1040.3310546875,1603.7259740990667,0.1414928412191189,25153.61083984375
1074,474.512451171875,585.1352140744907,0.11354927249655425,921.314697265625
1075,576.958740234375,724.748145910012,0.056450007897827455,610.09375
1076,440.8135986328125,671.1222411006805,0.1263305418048747,8477.76708984375
1077,320.0968322753906,404.88223596497784,0.08215072967878666,4379.623779296875
1078,603.7477416992188,872.3613428505415,0.09377790284202657,8872.0029296875
1079,648.1426391601562,869.9516868769208,0.08686712847958016,1101.5341796875
1080,607.4276733398438,871.3629051663836,0.06120106756374597,5098.2548828125
1081,459.352783203125,587.3371848861606,0.0715755015964953,3435.91650390625
1082,394.7104187011719,529.6564039544883,0.07418454563912101,2198.142578125
1083,457.9223327636719,612.2341514894445,0.0935141874884952,1479.05615234375
1084,451.94281005859375,702.1290613199258,0.079377257232578,435.9111328125
1085,363.7005615234375,470.37259167600314,0.0620391383120483,5072.6201171875
1086,430.8175354003906,560.3488310864939,0.08918039496890533,2040.917724609375
1087,511.0102233886719,769.5614822741585,0.08599301354062455,1929.10302734375
1088,499.40435791015625,713.3494059715757,0.11960213837774468,8049.451171875
1089,674.0918579101562,942.1452250051475,0.07020813692308571,4478.57080078125
1090,409.9494934082031,664.1522792251789,0.07032592576358578,4315.2353515625
1091,574.6985473632812,736.6606664536936,0.0757331028100896,11026.2021484375
1092,796.3677368164062,1149.2337664722527,0.06904486137138217,15032.173828125
1093,670.4583129882812,913.4554928949741,0.09107912776157005,2349.37548828125
1094,387.4990539550781,573.3251695155202,0.09294291687038836,5452.80322265625
1095,332.568603515625,465.5036251201488,0.08244581330979843,3502.14208984375
1096,561.542236328125,798.427986733932,0.10778981455390213,8764.3076171875
1097,590.4066162109375,807.5513141590446,0.05807083973432071,19272.54150390625
1098,269.0569763183594,374.4838113991044,0.05890279292881959,129.44091796875
1099,716.305419921875,1017.9919572373841,0.08568883584734346,8731.04150390625
1100,417.0035400390625,600.8350439180458,0.09520397405574858,3202.015380859375
1101,604.1326904296875,765.5895195860508,0.07092603541627546,7022.9873046875
1102,420.41510009765625,600.5543793029904,0.07011870088018089,2413.68798828125
1103,482.130126953125,622.5863142970619,0.09758414383091746,3079.4208984375
1104,409.6253662109375,570.9462814048271,0.08652488192788398,5294.1845703125
1105,438.416748046875,597.2248058729643,0.10025097300813582,10874.9599609375
1106,280.3315734863281,410.7060612530572,0.06365234461535449,1184.12548828125
1107,658.2207641601562,1050.0619624574542,0.1183085560681397,3693.38671875
1108,408.6202697753906,553.9999717960281,0.08500524585972588,4346.231689453125
1109,426.3700866699219,643.9122125724904,0.09932510701575427,1114.9580078125
1110,370.71343994140625,480.1814598409647,0.09227463209821024,11493.846435546875
1111,463.5415954589844,743.1400019511801,0.11231462953621155,5800.25537109375
1112,712.8605346679688,921.6956859506287,0.09527564432726547,6614.8623046875
1113,411.0697021484375,560.3320444165228,0.07580994110548779,4004.58642578125
1114,1340.7548828125,1792.3436472953506,0.06931103813818645,1570.669921875
1115,532.5499877929688,751.7950186054707,0.08826091724986453,9333.564453125
